stage_entry,kind,act,launch_command
s00a00l,stage-entry,Prologue,mgs4.exe --stage s00a00l
s00a00l_0,gameplay,Prologue,mgs4.exe --stage s00a00l_0
s00a10l,stage-entry,Prologue,mgs4.exe --stage s00a10l
s00a10l_D2,cutscene,Prologue,mgs4.exe --stage s00a10l_D2
s00a10l_D3,cutscene,Prologue,mgs4.exe --stage s00a10l_D3
s00a10l_D4,cutscene,Prologue,mgs4.exe --stage s00a10l_D4
s00a10l_D5,cutscene,Prologue,mgs4.exe --stage s00a10l_D5
s00a10l_D6,cutscene,Prologue,mgs4.exe --stage s00a10l_D6
s00a10l_D7,cutscene,Prologue,mgs4.exe --stage s00a10l_D7
s00a10l_D8,cutscene,Prologue,mgs4.exe --stage s00a10l_D8
s00a10l_D9,cutscene,Prologue,mgs4.exe --stage s00a10l_D9
s01a00l,stage-entry,Act 1 Middle East,mgs4.exe --stage s01a00l
s01a00l_00,gameplay,Act 1 Middle East,mgs4.exe --stage s01a00l_00
s01a00l_01,gameplay,Act 1 Middle East,mgs4.exe --stage s01a00l_01
s01a00l_02,gameplay,Act 1 Middle East,mgs4.exe --stage s01a00l_02
s01a00l_03,gameplay,Act 1 Middle East,mgs4.exe --stage s01a00l_03
s01a00l_04,gameplay,Act 1 Middle East,mgs4.exe --stage s01a00l_04
s01a00l_05,gameplay,Act 1 Middle East,mgs4.exe --stage s01a00l_05
s01a00l_06,gameplay,Act 1 Middle East,mgs4.exe --stage s01a00l_06
s01a00l_08,gameplay,Act 1 Middle East,mgs4.exe --stage s01a00l_08
s01a00l_1,gameplay,Act 1 Middle East,mgs4.exe --stage s01a00l_1
s01a05l,stage-entry,Act 1 Middle East,mgs4.exe --stage s01a05l
s01a10l,stage-entry,Act 1 Middle East,mgs4.exe --stage s01a10l
s01a10l_0,gameplay,Act 1 Middle East,mgs4.exe --stage s01a10l_0
s01a10l_01,gameplay,Act 1 Middle East,mgs4.exe --stage s01a10l_01
s01a10l_02,gameplay,Act 1 Middle East,mgs4.exe --stage s01a10l_02
s01a10l_03,gameplay,Act 1 Middle East,mgs4.exe --stage s01a10l_03
s01a10l_04,gameplay,Act 1 Middle East,mgs4.exe --stage s01a10l_04
s01a10l_05,gameplay,Act 1 Middle East,mgs4.exe --stage s01a10l_05
s01a10l_06,gameplay,Act 1 Middle East,mgs4.exe --stage s01a10l_06
s01a10l_07,gameplay,Act 1 Middle East,mgs4.exe --stage s01a10l_07
s01a10l_08,gameplay,Act 1 Middle East,mgs4.exe --stage s01a10l_08
s01a10l_1,gameplay,Act 1 Middle East,mgs4.exe --stage s01a10l_1
s01a10l_D1,cutscene,Act 1 Middle East,mgs4.exe --stage s01a10l_D1
s01a10l_D2,cutscene,Act 1 Middle East,mgs4.exe --stage s01a10l_D2
s01a20l,stage-entry,Act 1 Middle East,mgs4.exe --stage s01a20l
s01a20l_01,gameplay,Act 1 Middle East,mgs4.exe --stage s01a20l_01
s01a20l_02,gameplay,Act 1 Middle East,mgs4.exe --stage s01a20l_02
s01a20l_03,gameplay,Act 1 Middle East,mgs4.exe --stage s01a20l_03
s01a20l_04,gameplay,Act 1 Middle East,mgs4.exe --stage s01a20l_04
s01a20l_05,gameplay,Act 1 Middle East,mgs4.exe --stage s01a20l_05
s01a20l_06,gameplay,Act 1 Middle East,mgs4.exe --stage s01a20l_06
s01a20l_1,gameplay,Act 1 Middle East,mgs4.exe --stage s01a20l_1
s01a30l,stage-entry,Act 1 Middle East,mgs4.exe --stage s01a30l
s01a30l_01,gameplay,Act 1 Middle East,mgs4.exe --stage s01a30l_01
s01a30l_02,gameplay,Act 1 Middle East,mgs4.exe --stage s01a30l_02
s01a30l_03,gameplay,Act 1 Middle East,mgs4.exe --stage s01a30l_03
s01a30l_04,gameplay,Act 1 Middle East,mgs4.exe --stage s01a30l_04
s01a30l_05,gameplay,Act 1 Middle East,mgs4.exe --stage s01a30l_05
s01a30l_06,gameplay,Act 1 Middle East,mgs4.exe --stage s01a30l_06
s01a30l_07,gameplay,Act 1 Middle East,mgs4.exe --stage s01a30l_07
s01a30l_08,gameplay,Act 1 Middle East,mgs4.exe --stage s01a30l_08
s01a30l_09,gameplay,Act 1 Middle East,mgs4.exe --stage s01a30l_09
s01a30l_1,gameplay,Act 1 Middle East,mgs4.exe --stage s01a30l_1
s01a30l_2,gameplay,Act 1 Middle East,mgs4.exe --stage s01a30l_2
s01a30l_D2,cutscene,Act 1 Middle East,mgs4.exe --stage s01a30l_D2
s01a40l,stage-entry,Act 1 Middle East,mgs4.exe --stage s01a40l
s01a40l_01,gameplay,Act 1 Middle East,mgs4.exe --stage s01a40l_01
s01a40l_02,gameplay,Act 1 Middle East,mgs4.exe --stage s01a40l_02
s01a40l_03,gameplay,Act 1 Middle East,mgs4.exe --stage s01a40l_03
s01a40l_04,gameplay,Act 1 Middle East,mgs4.exe --stage s01a40l_04
s01a40l_05,gameplay,Act 1 Middle East,mgs4.exe --stage s01a40l_05
s01a40l_06,gameplay,Act 1 Middle East,mgs4.exe --stage s01a40l_06
s01a40l_1,gameplay,Act 1 Middle East,mgs4.exe --stage s01a40l_1
s01a40l_2,gameplay,Act 1 Middle East,mgs4.exe --stage s01a40l_2
s01a40l_D2,cutscene,Act 1 Middle East,mgs4.exe --stage s01a40l_D2
s01a40l_D3,cutscene,Act 1 Middle East,mgs4.exe --stage s01a40l_D3
s01a50l,stage-entry,Act 1 Middle East,mgs4.exe --stage s01a50l
s01a50l_01,gameplay,Act 1 Middle East,mgs4.exe --stage s01a50l_01
s01a50l_02,gameplay,Act 1 Middle East,mgs4.exe --stage s01a50l_02
s01a50l_04,gameplay,Act 1 Middle East,mgs4.exe --stage s01a50l_04
s01a50l_05,gameplay,Act 1 Middle East,mgs4.exe --stage s01a50l_05
s01a50l_06,gameplay,Act 1 Middle East,mgs4.exe --stage s01a50l_06
s01a50l_07,gameplay,Act 1 Middle East,mgs4.exe --stage s01a50l_07
s01a50l_1,gameplay,Act 1 Middle East,mgs4.exe --stage s01a50l_1
s01a55l,stage-entry,Act 1 Middle East,mgs4.exe --stage s01a55l
s01a57l,stage-entry,Act 1 Middle East,mgs4.exe --stage s01a57l
s01a57l_1,gameplay,Act 1 Middle East,mgs4.exe --stage s01a57l_1
s01a60l,stage-entry,Act 1 Middle East,mgs4.exe --stage s01a60l
s01a60l_D1,cutscene,Act 1 Middle East,mgs4.exe --stage s01a60l_D1
s01a60l_D2,cutscene,Act 1 Middle East,mgs4.exe --stage s01a60l_D2
s02a10l,stage-entry,Act 2 South America,mgs4.exe --stage s02a10l
s02a10l_01,gameplay,Act 2 South America,mgs4.exe --stage s02a10l_01
s02a10l_03,gameplay,Act 2 South America,mgs4.exe --stage s02a10l_03
s02a10l_05,gameplay,Act 2 South America,mgs4.exe --stage s02a10l_05
s02a10l_06,gameplay,Act 2 South America,mgs4.exe --stage s02a10l_06
s02a10l_1,gameplay,Act 2 South America,mgs4.exe --stage s02a10l_1
s02a10l_2,gameplay,Act 2 South America,mgs4.exe --stage s02a10l_2
s02a10l_3,gameplay,Act 2 South America,mgs4.exe --stage s02a10l_3
s02a10l_D1,cutscene,Act 2 South America,mgs4.exe --stage s02a10l_D1
s02a10l_D2,cutscene,Act 2 South America,mgs4.exe --stage s02a10l_D2
s02a20l,stage-entry,Act 2 South America,mgs4.exe --stage s02a20l
s02a20l_01,gameplay,Act 2 South America,mgs4.exe --stage s02a20l_01
s02a20l_02,gameplay,Act 2 South America,mgs4.exe --stage s02a20l_02
s02a20l_03,gameplay,Act 2 South America,mgs4.exe --stage s02a20l_03
s02a20l_04,gameplay,Act 2 South America,mgs4.exe --stage s02a20l_04
s02a20l_05,gameplay,Act 2 South America,mgs4.exe --stage s02a20l_05
s02a20l_1,gameplay,Act 2 South America,mgs4.exe --stage s02a20l_1
s02a20l_10,gameplay,Act 2 South America,mgs4.exe --stage s02a20l_10
s02a20l_11,gameplay,Act 2 South America,mgs4.exe --stage s02a20l_11
s02a20l_2,gameplay,Act 2 South America,mgs4.exe --stage s02a20l_2
s02a20l_3,gameplay,Act 2 South America,mgs4.exe --stage s02a20l_3
s02a20l_4,gameplay,Act 2 South America,mgs4.exe --stage s02a20l_4
s02a20l_5,gameplay,Act 2 South America,mgs4.exe --stage s02a20l_5
s02a20l_6,gameplay,Act 2 South America,mgs4.exe --stage s02a20l_6
s02a20l_7,gameplay,Act 2 South America,mgs4.exe --stage s02a20l_7
s02a20l_8,gameplay,Act 2 South America,mgs4.exe --stage s02a20l_8
s02a20l_9,gameplay,Act 2 South America,mgs4.exe --stage s02a20l_9
s02a25l,stage-entry,Act 2 South America,mgs4.exe --stage s02a25l
s02a25l_D1,cutscene,Act 2 South America,mgs4.exe --stage s02a25l_D1
s02a25l_D2,cutscene,Act 2 South America,mgs4.exe --stage s02a25l_D2
s02a25l_D3,cutscene,Act 2 South America,mgs4.exe --stage s02a25l_D3
s02a25l_D4,cutscene,Act 2 South America,mgs4.exe --stage s02a25l_D4
s02a30l,stage-entry,Act 2 South America,mgs4.exe --stage s02a30l
s02a30l_01,gameplay,Act 2 South America,mgs4.exe --stage s02a30l_01
s02a30l_03,gameplay,Act 2 South America,mgs4.exe --stage s02a30l_03
s02a30l_04,gameplay,Act 2 South America,mgs4.exe --stage s02a30l_04
s02a30l_05,gameplay,Act 2 South America,mgs4.exe --stage s02a30l_05
s02a30l_06,gameplay,Act 2 South America,mgs4.exe --stage s02a30l_06
s02a30l_07,gameplay,Act 2 South America,mgs4.exe --stage s02a30l_07
s02a30l_08,gameplay,Act 2 South America,mgs4.exe --stage s02a30l_08
s02a30l_09,gameplay,Act 2 South America,mgs4.exe --stage s02a30l_09
s02a30l_1,gameplay,Act 2 South America,mgs4.exe --stage s02a30l_1
s02a30l_10,gameplay,Act 2 South America,mgs4.exe --stage s02a30l_10
s02a30l_11,gameplay,Act 2 South America,mgs4.exe --stage s02a30l_11
s02a30l_12,gameplay,Act 2 South America,mgs4.exe --stage s02a30l_12
s02a30l_2,gameplay,Act 2 South America,mgs4.exe --stage s02a30l_2
s02a30l_3,gameplay,Act 2 South America,mgs4.exe --stage s02a30l_3
s02a30l_4,gameplay,Act 2 South America,mgs4.exe --stage s02a30l_4
s02a30l_5,gameplay,Act 2 South America,mgs4.exe --stage s02a30l_5
s02a30l_6,gameplay,Act 2 South America,mgs4.exe --stage s02a30l_6
s02a30l_7,gameplay,Act 2 South America,mgs4.exe --stage s02a30l_7
s02a30l_8,gameplay,Act 2 South America,mgs4.exe --stage s02a30l_8
s02a30l_9,gameplay,Act 2 South America,mgs4.exe --stage s02a30l_9
s02a40l,stage-entry,Act 2 South America,mgs4.exe --stage s02a40l
s02a40l_01,gameplay,Act 2 South America,mgs4.exe --stage s02a40l_01
s02a40l_02,gameplay,Act 2 South America,mgs4.exe --stage s02a40l_02
s02a40l_04,gameplay,Act 2 South America,mgs4.exe --stage s02a40l_04
s02a40l_06,gameplay,Act 2 South America,mgs4.exe --stage s02a40l_06
s02a40l_07,gameplay,Act 2 South America,mgs4.exe --stage s02a40l_07
s02a40l_1,gameplay,Act 2 South America,mgs4.exe --stage s02a40l_1
s02a40l_2,gameplay,Act 2 South America,mgs4.exe --stage s02a40l_2
s02a40l_3,gameplay,Act 2 South America,mgs4.exe --stage s02a40l_3
s02a50l,stage-entry,Act 2 South America,mgs4.exe --stage s02a50l
s02a50l_02,gameplay,Act 2 South America,mgs4.exe --stage s02a50l_02
s02a50l_03,gameplay,Act 2 South America,mgs4.exe --stage s02a50l_03
s02a50l_1,gameplay,Act 2 South America,mgs4.exe --stage s02a50l_1
s02a50l_2,gameplay,Act 2 South America,mgs4.exe --stage s02a50l_2
s02a50l_3,gameplay,Act 2 South America,mgs4.exe --stage s02a50l_3
s02a50l_4,gameplay,Act 2 South America,mgs4.exe --stage s02a50l_4
s02a50l_D1,cutscene,Act 2 South America,mgs4.exe --stage s02a50l_D1
s02a50l_D2,cutscene,Act 2 South America,mgs4.exe --stage s02a50l_D2
s02a50l_D3,cutscene,Act 2 South America,mgs4.exe --stage s02a50l_D3
s02a50l_D5,cutscene,Act 2 South America,mgs4.exe --stage s02a50l_D5
s02a50l_D6,cutscene,Act 2 South America,mgs4.exe --stage s02a50l_D6
s02a50l_D7,cutscene,Act 2 South America,mgs4.exe --stage s02a50l_D7
s02a50l_D8,cutscene,Act 2 South America,mgs4.exe --stage s02a50l_D8
s02a60l,stage-entry,Act 2 South America,mgs4.exe --stage s02a60l
s02a60l_01,gameplay,Act 2 South America,mgs4.exe --stage s02a60l_01
s02a60l_02,gameplay,Act 2 South America,mgs4.exe --stage s02a60l_02
s02a60l_03,gameplay,Act 2 South America,mgs4.exe --stage s02a60l_03
s02a60l_04,gameplay,Act 2 South America,mgs4.exe --stage s02a60l_04
s02a60l_06,gameplay,Act 2 South America,mgs4.exe --stage s02a60l_06
s02a60l_07,gameplay,Act 2 South America,mgs4.exe --stage s02a60l_07
s02a60l_08,gameplay,Act 2 South America,mgs4.exe --stage s02a60l_08
s02a60l_09,gameplay,Act 2 South America,mgs4.exe --stage s02a60l_09
s02a60l_1,gameplay,Act 2 South America,mgs4.exe --stage s02a60l_1
s02a60l_10,gameplay,Act 2 South America,mgs4.exe --stage s02a60l_10
s02a60l_11,gameplay,Act 2 South America,mgs4.exe --stage s02a60l_11
s02a60l_12,gameplay,Act 2 South America,mgs4.exe --stage s02a60l_12
s02a60l_2,gameplay,Act 2 South America,mgs4.exe --stage s02a60l_2
s02a60l_3,gameplay,Act 2 South America,mgs4.exe --stage s02a60l_3
s02a70l,stage-entry,Act 2 South America,mgs4.exe --stage s02a70l
s02a70l_1,gameplay,Act 2 South America,mgs4.exe --stage s02a70l_1
s02a73l,stage-entry,Act 2 South America,mgs4.exe --stage s02a73l
s02a75l,stage-entry,Act 2 South America,mgs4.exe --stage s02a75l
s02a78l,stage-entry,Act 2 South America,mgs4.exe --stage s02a78l
s02a80l,stage-entry,Act 2 South America,mgs4.exe --stage s02a80l
s02a80l_01,gameplay,Act 2 South America,mgs4.exe --stage s02a80l_01
s02a85l,stage-entry,Act 2 South America,mgs4.exe --stage s02a85l
s02a90l,stage-entry,Act 2 South America,mgs4.exe --stage s02a90l
s02a90l_01,gameplay,Act 2 South America,mgs4.exe --stage s02a90l_01
s02a90l_1,gameplay,Act 2 South America,mgs4.exe --stage s02a90l_1
s02a95l,stage-entry,Act 2 South America,mgs4.exe --stage s02a95l
s03a00l,stage-entry,Act 3 Eastern Europe,mgs4.exe --stage s03a00l
s03a00l_D1,cutscene,Act 3 Eastern Europe,mgs4.exe --stage s03a00l_D1
s03a10l,stage-entry,Act 3 Eastern Europe,mgs4.exe --stage s03a10l
s03a10l_01,gameplay,Act 3 Eastern Europe,mgs4.exe --stage s03a10l_01
s03a10l_02,gameplay,Act 3 Eastern Europe,mgs4.exe --stage s03a10l_02
s03a10l_03,gameplay,Act 3 Eastern Europe,mgs4.exe --stage s03a10l_03
s03a10l_04,gameplay,Act 3 Eastern Europe,mgs4.exe --stage s03a10l_04
s03a10l_05,gameplay,Act 3 Eastern Europe,mgs4.exe --stage s03a10l_05
s03a10l_06,gameplay,Act 3 Eastern Europe,mgs4.exe --stage s03a10l_06
s03a10l_07,gameplay,Act 3 Eastern Europe,mgs4.exe --stage s03a10l_07
s03a10l_08,gameplay,Act 3 Eastern Europe,mgs4.exe --stage s03a10l_08
s03a10l_09,gameplay,Act 3 Eastern Europe,mgs4.exe --stage s03a10l_09
s03a10l_1,gameplay,Act 3 Eastern Europe,mgs4.exe --stage s03a10l_1
s03a10l_10,gameplay,Act 3 Eastern Europe,mgs4.exe --stage s03a10l_10
s03a10l_11,gameplay,Act 3 Eastern Europe,mgs4.exe --stage s03a10l_11
s03a10l_12,gameplay,Act 3 Eastern Europe,mgs4.exe --stage s03a10l_12
s03a10l_2,gameplay,Act 3 Eastern Europe,mgs4.exe --stage s03a10l_2
s03a10l_3,gameplay,Act 3 Eastern Europe,mgs4.exe --stage s03a10l_3
s03a10l_4,gameplay,Act 3 Eastern Europe,mgs4.exe --stage s03a10l_4
s03a10l_5,gameplay,Act 3 Eastern Europe,mgs4.exe --stage s03a10l_5
s03a10l_6,gameplay,Act 3 Eastern Europe,mgs4.exe --stage s03a10l_6
s03a15l,stage-entry,Act 3 Eastern Europe,mgs4.exe --stage s03a15l
s03a15l_1,gameplay,Act 3 Eastern Europe,mgs4.exe --stage s03a15l_1
s03a15l_2,gameplay,Act 3 Eastern Europe,mgs4.exe --stage s03a15l_2
s03a15l_3,gameplay,Act 3 Eastern Europe,mgs4.exe --stage s03a15l_3
s03a16l,stage-entry,Act 3 Eastern Europe,mgs4.exe --stage s03a16l
s03a16l_1,gameplay,Act 3 Eastern Europe,mgs4.exe --stage s03a16l_1
s03a16l_2,gameplay,Act 3 Eastern Europe,mgs4.exe --stage s03a16l_2
s03a20l,stage-entry,Act 3 Eastern Europe,mgs4.exe --stage s03a20l
s03a20l_1,gameplay,Act 3 Eastern Europe,mgs4.exe --stage s03a20l_1
s03a20l_2,gameplay,Act 3 Eastern Europe,mgs4.exe --stage s03a20l_2
s03a20l_3,gameplay,Act 3 Eastern Europe,mgs4.exe --stage s03a20l_3
s03a25l,stage-entry,Act 3 Eastern Europe,mgs4.exe --stage s03a25l
s03a25l_1,gameplay,Act 3 Eastern Europe,mgs4.exe --stage s03a25l_1
s03a25l_2,gameplay,Act 3 Eastern Europe,mgs4.exe --stage s03a25l_2
s03a30l,stage-entry,Act 3 Eastern Europe,mgs4.exe --stage s03a30l
s03a30l_D1,cutscene,Act 3 Eastern Europe,mgs4.exe --stage s03a30l_D1
s03a30l_D2,cutscene,Act 3 Eastern Europe,mgs4.exe --stage s03a30l_D2
s03a30l_D3,cutscene,Act 3 Eastern Europe,mgs4.exe --stage s03a30l_D3
s03a30l_D4,cutscene,Act 3 Eastern Europe,mgs4.exe --stage s03a30l_D4
s03a30l_D5,cutscene,Act 3 Eastern Europe,mgs4.exe --stage s03a30l_D5
s03a30l_D6,cutscene,Act 3 Eastern Europe,mgs4.exe --stage s03a30l_D6
s03a30l_D7,cutscene,Act 3 Eastern Europe,mgs4.exe --stage s03a30l_D7
s03a30l_D8,cutscene,Act 3 Eastern Europe,mgs4.exe --stage s03a30l_D8
s03a35l,stage-entry,Act 3 Eastern Europe,mgs4.exe --stage s03a35l
s03a35l_01,gameplay,Act 3 Eastern Europe,mgs4.exe --stage s03a35l_01
s03a35l_02,gameplay,Act 3 Eastern Europe,mgs4.exe --stage s03a35l_02
s03a35l_1,gameplay,Act 3 Eastern Europe,mgs4.exe --stage s03a35l_1
s03a40l,stage-entry,Act 3 Eastern Europe,mgs4.exe --stage s03a40l
s03a50l,stage-entry,Act 3 Eastern Europe,mgs4.exe --stage s03a50l
s03a60l,stage-entry,Act 3 Eastern Europe,mgs4.exe --stage s03a60l
s03a65l,stage-entry,Act 3 Eastern Europe,mgs4.exe --stage s03a65l
s03a70l,stage-entry,Act 3 Eastern Europe,mgs4.exe --stage s03a70l
s03a70l_01,gameplay,Act 3 Eastern Europe,mgs4.exe --stage s03a70l_01
s03a70l_02,gameplay,Act 3 Eastern Europe,mgs4.exe --stage s03a70l_02
s03a70l_03,gameplay,Act 3 Eastern Europe,mgs4.exe --stage s03a70l_03
s03a70l_1,gameplay,Act 3 Eastern Europe,mgs4.exe --stage s03a70l_1
s03a70l_2,gameplay,Act 3 Eastern Europe,mgs4.exe --stage s03a70l_2
s03a70l_D1,cutscene,Act 3 Eastern Europe,mgs4.exe --stage s03a70l_D1
s03a70l_D2,cutscene,Act 3 Eastern Europe,mgs4.exe --stage s03a70l_D2
s03a70l_D3,cutscene,Act 3 Eastern Europe,mgs4.exe --stage s03a70l_D3
s03a70l_D4,cutscene,Act 3 Eastern Europe,mgs4.exe --stage s03a70l_D4
s03a70l_D5,cutscene,Act 3 Eastern Europe,mgs4.exe --stage s03a70l_D5
s03a80l,stage-entry,Act 3 Eastern Europe,mgs4.exe --stage s03a80l
s03a90l,stage-entry,Act 3 Eastern Europe,mgs4.exe --stage s03a90l
s03a90l_D1,cutscene,Act 3 Eastern Europe,mgs4.exe --stage s03a90l_D1
s03a90l_D2,cutscene,Act 3 Eastern Europe,mgs4.exe --stage s03a90l_D2
s03a90l_D3,cutscene,Act 3 Eastern Europe,mgs4.exe --stage s03a90l_D3
s03a90l_D4,cutscene,Act 3 Eastern Europe,mgs4.exe --stage s03a90l_D4
s03a90l_D5,cutscene,Act 3 Eastern Europe,mgs4.exe --stage s03a90l_D5
s04a05l,stage-entry,Act 4 Shadow Moses,mgs4.exe --stage s04a05l
s04a10l,stage-entry,Act 4 Shadow Moses,mgs4.exe --stage s04a10l
s04a10l_01,gameplay,Act 4 Shadow Moses,mgs4.exe --stage s04a10l_01
s04a10l_02,gameplay,Act 4 Shadow Moses,mgs4.exe --stage s04a10l_02
s04a10l_03,gameplay,Act 4 Shadow Moses,mgs4.exe --stage s04a10l_03
s04a10l_04,gameplay,Act 4 Shadow Moses,mgs4.exe --stage s04a10l_04
s04a10l_05,gameplay,Act 4 Shadow Moses,mgs4.exe --stage s04a10l_05
s04a10l_1,gameplay,Act 4 Shadow Moses,mgs4.exe --stage s04a10l_1
s04a10l_10,gameplay,Act 4 Shadow Moses,mgs4.exe --stage s04a10l_10
s04a10l_11,gameplay,Act 4 Shadow Moses,mgs4.exe --stage s04a10l_11
s04a10l_12,gameplay,Act 4 Shadow Moses,mgs4.exe --stage s04a10l_12
s04a10l_2,gameplay,Act 4 Shadow Moses,mgs4.exe --stage s04a10l_2
s04a10l_3,gameplay,Act 4 Shadow Moses,mgs4.exe --stage s04a10l_3
s04a10l_4,gameplay,Act 4 Shadow Moses,mgs4.exe --stage s04a10l_4
s04a10l_5,gameplay,Act 4 Shadow Moses,mgs4.exe --stage s04a10l_5
s04a10l_6,gameplay,Act 4 Shadow Moses,mgs4.exe --stage s04a10l_6
s04a10l_7,gameplay,Act 4 Shadow Moses,mgs4.exe --stage s04a10l_7
s04a10l_8,gameplay,Act 4 Shadow Moses,mgs4.exe --stage s04a10l_8
s04a10l_9,gameplay,Act 4 Shadow Moses,mgs4.exe --stage s04a10l_9
s04a10l_D1,cutscene,Act 4 Shadow Moses,mgs4.exe --stage s04a10l_D1
s04a10l_D2,cutscene,Act 4 Shadow Moses,mgs4.exe --stage s04a10l_D2
s04a20l,stage-entry,Act 4 Shadow Moses,mgs4.exe --stage s04a20l
s04a20l_01,gameplay,Act 4 Shadow Moses,mgs4.exe --stage s04a20l_01
s04a20l_02,gameplay,Act 4 Shadow Moses,mgs4.exe --stage s04a20l_02
s04a20l_03,gameplay,Act 4 Shadow Moses,mgs4.exe --stage s04a20l_03
s04a20l_04,gameplay,Act 4 Shadow Moses,mgs4.exe --stage s04a20l_04
s04a20l_05,gameplay,Act 4 Shadow Moses,mgs4.exe --stage s04a20l_05
s04a20l_06,gameplay,Act 4 Shadow Moses,mgs4.exe --stage s04a20l_06
s04a20l_07,gameplay,Act 4 Shadow Moses,mgs4.exe --stage s04a20l_07
s04a20l_1,gameplay,Act 4 Shadow Moses,mgs4.exe --stage s04a20l_1
s04a20l_2,gameplay,Act 4 Shadow Moses,mgs4.exe --stage s04a20l_2
s04a20l_3,gameplay,Act 4 Shadow Moses,mgs4.exe --stage s04a20l_3
s04a20l_4,gameplay,Act 4 Shadow Moses,mgs4.exe --stage s04a20l_4
s04a20l_5,gameplay,Act 4 Shadow Moses,mgs4.exe --stage s04a20l_5
s04a20l_6,gameplay,Act 4 Shadow Moses,mgs4.exe --stage s04a20l_6
s04a20l_7,gameplay,Act 4 Shadow Moses,mgs4.exe --stage s04a20l_7
s04a30l,stage-entry,Act 4 Shadow Moses,mgs4.exe --stage s04a30l
s04a30l_01,gameplay,Act 4 Shadow Moses,mgs4.exe --stage s04a30l_01
s04a30l_02,gameplay,Act 4 Shadow Moses,mgs4.exe --stage s04a30l_02
s04a30l_03,gameplay,Act 4 Shadow Moses,mgs4.exe --stage s04a30l_03
s04a30l_04,gameplay,Act 4 Shadow Moses,mgs4.exe --stage s04a30l_04
s04a30l_05,gameplay,Act 4 Shadow Moses,mgs4.exe --stage s04a30l_05
s04a30l_08,gameplay,Act 4 Shadow Moses,mgs4.exe --stage s04a30l_08
s04a30l_1,gameplay,Act 4 Shadow Moses,mgs4.exe --stage s04a30l_1
s04a30l_2,gameplay,Act 4 Shadow Moses,mgs4.exe --stage s04a30l_2
s04a30l_3,gameplay,Act 4 Shadow Moses,mgs4.exe --stage s04a30l_3
s04a30l_D1,cutscene,Act 4 Shadow Moses,mgs4.exe --stage s04a30l_D1
s04a30l_D2,cutscene,Act 4 Shadow Moses,mgs4.exe --stage s04a30l_D2
s04a30l_D4,cutscene,Act 4 Shadow Moses,mgs4.exe --stage s04a30l_D4
s04a30l_D5,cutscene,Act 4 Shadow Moses,mgs4.exe --stage s04a30l_D5
s04a30l_D6,cutscene,Act 4 Shadow Moses,mgs4.exe --stage s04a30l_D6
s04a30l_D7,cutscene,Act 4 Shadow Moses,mgs4.exe --stage s04a30l_D7
s04a40l,stage-entry,Act 4 Shadow Moses,mgs4.exe --stage s04a40l
s04a40l_01,gameplay,Act 4 Shadow Moses,mgs4.exe --stage s04a40l_01
s04a40l_02,gameplay,Act 4 Shadow Moses,mgs4.exe --stage s04a40l_02
s04a40l_03,gameplay,Act 4 Shadow Moses,mgs4.exe --stage s04a40l_03
s04a40l_04,gameplay,Act 4 Shadow Moses,mgs4.exe --stage s04a40l_04
s04a40l_05,gameplay,Act 4 Shadow Moses,mgs4.exe --stage s04a40l_05
s04a40l_1,gameplay,Act 4 Shadow Moses,mgs4.exe --stage s04a40l_1
s04a50l,stage-entry,Act 4 Shadow Moses,mgs4.exe --stage s04a50l
s04a50l_01,gameplay,Act 4 Shadow Moses,mgs4.exe --stage s04a50l_01
s04a50l_02,gameplay,Act 4 Shadow Moses,mgs4.exe --stage s04a50l_02
s04a60l,stage-entry,Act 4 Shadow Moses,mgs4.exe --stage s04a60l
s04a60l_01,gameplay,Act 4 Shadow Moses,mgs4.exe --stage s04a60l_01
s04a60l_1,gameplay,Act 4 Shadow Moses,mgs4.exe --stage s04a60l_1
s04a60l_2,gameplay,Act 4 Shadow Moses,mgs4.exe --stage s04a60l_2
s04a60l_D1,cutscene,Act 4 Shadow Moses,mgs4.exe --stage s04a60l_D1
s04a60l_D2,cutscene,Act 4 Shadow Moses,mgs4.exe --stage s04a60l_D2
s04a60l_D3,cutscene,Act 4 Shadow Moses,mgs4.exe --stage s04a60l_D3
s04a65l,stage-entry,Act 4 Shadow Moses,mgs4.exe --stage s04a65l
s04a65l_01,gameplay,Act 4 Shadow Moses,mgs4.exe --stage s04a65l_01
s04a65l_02,gameplay,Act 4 Shadow Moses,mgs4.exe --stage s04a65l_02
s04a65l_1,gameplay,Act 4 Shadow Moses,mgs4.exe --stage s04a65l_1
s04a68l,stage-entry,Act 4 Shadow Moses,mgs4.exe --stage s04a68l
s04a70l,stage-entry,Act 4 Shadow Moses,mgs4.exe --stage s04a70l
s04a70l_01,gameplay,Act 4 Shadow Moses,mgs4.exe --stage s04a70l_01
s04a70l_02,gameplay,Act 4 Shadow Moses,mgs4.exe --stage s04a70l_02
s04a70l_1,gameplay,Act 4 Shadow Moses,mgs4.exe --stage s04a70l_1
s04a75l,stage-entry,Act 4 Shadow Moses,mgs4.exe --stage s04a75l
s04a75l_D1,cutscene,Act 4 Shadow Moses,mgs4.exe --stage s04a75l_D1
s04a75l_D2,cutscene,Act 4 Shadow Moses,mgs4.exe --stage s04a75l_D2
s04a75l_D3,cutscene,Act 4 Shadow Moses,mgs4.exe --stage s04a75l_D3
s05a10l,stage-entry,Act 5 Outer Haven,mgs4.exe --stage s05a10l
s05a10l_00,gameplay,Act 5 Outer Haven,mgs4.exe --stage s05a10l_00
s05a10l_01,gameplay,Act 5 Outer Haven,mgs4.exe --stage s05a10l_01
s05a10l_02,gameplay,Act 5 Outer Haven,mgs4.exe --stage s05a10l_02
s05a10l_03,gameplay,Act 5 Outer Haven,mgs4.exe --stage s05a10l_03
s05a10l_04,gameplay,Act 5 Outer Haven,mgs4.exe --stage s05a10l_04
s05a10l_1,gameplay,Act 5 Outer Haven,mgs4.exe --stage s05a10l_1
s05a20l,stage-entry,Act 5 Outer Haven,mgs4.exe --stage s05a20l
s05a20l_01,gameplay,Act 5 Outer Haven,mgs4.exe --stage s05a20l_01
s05a20l_02,gameplay,Act 5 Outer Haven,mgs4.exe --stage s05a20l_02
s05a20l_03,gameplay,Act 5 Outer Haven,mgs4.exe --stage s05a20l_03
s05a20l_1,gameplay,Act 5 Outer Haven,mgs4.exe --stage s05a20l_1
s05a20l_11,gameplay,Act 5 Outer Haven,mgs4.exe --stage s05a20l_11
s05a20l_12,gameplay,Act 5 Outer Haven,mgs4.exe --stage s05a20l_12
s05a20l_2,gameplay,Act 5 Outer Haven,mgs4.exe --stage s05a20l_2
s05a20l_5,gameplay,Act 5 Outer Haven,mgs4.exe --stage s05a20l_5
s05a20l_6,gameplay,Act 5 Outer Haven,mgs4.exe --stage s05a20l_6
s05a20l_7,gameplay,Act 5 Outer Haven,mgs4.exe --stage s05a20l_7
s05a20l_D1,cutscene,Act 5 Outer Haven,mgs4.exe --stage s05a20l_D1
s05a20l_D10,cutscene,Act 5 Outer Haven,mgs4.exe --stage s05a20l_D10
s05a20l_D11,cutscene,Act 5 Outer Haven,mgs4.exe --stage s05a20l_D11
s05a20l_D12,cutscene,Act 5 Outer Haven,mgs4.exe --stage s05a20l_D12
s05a20l_D2,cutscene,Act 5 Outer Haven,mgs4.exe --stage s05a20l_D2
s05a20l_D3,cutscene,Act 5 Outer Haven,mgs4.exe --stage s05a20l_D3
s05a20l_D4,cutscene,Act 5 Outer Haven,mgs4.exe --stage s05a20l_D4
s05a20l_D5,cutscene,Act 5 Outer Haven,mgs4.exe --stage s05a20l_D5
s05a20l_D8,cutscene,Act 5 Outer Haven,mgs4.exe --stage s05a20l_D8
s05a20l_D9,cutscene,Act 5 Outer Haven,mgs4.exe --stage s05a20l_D9
s05a30l,stage-entry,Act 5 Outer Haven,mgs4.exe --stage s05a30l
s05a30l_01,gameplay,Act 5 Outer Haven,mgs4.exe --stage s05a30l_01
s05a30l_1,gameplay,Act 5 Outer Haven,mgs4.exe --stage s05a30l_1
s05a40l,stage-entry,Act 5 Outer Haven,mgs4.exe --stage s05a40l
s05a40l_01,gameplay,Act 5 Outer Haven,mgs4.exe --stage s05a40l_01
s05a45l,stage-entry,Act 5 Outer Haven,mgs4.exe --stage s05a45l
s05a50l,stage-entry,Act 5 Outer Haven,mgs4.exe --stage s05a50l
s05a50l_01,gameplay,Act 5 Outer Haven,mgs4.exe --stage s05a50l_01
s05a50l_1,gameplay,Act 5 Outer Haven,mgs4.exe --stage s05a50l_1
s05a55l,stage-entry,Act 5 Outer Haven,mgs4.exe --stage s05a55l
s10a10l,stage-entry,interlude/briefing (s10),mgs4.exe --stage s10a10l
s10a10l_1,gameplay,interlude/briefing (s10),mgs4.exe --stage s10a10l_1
s10a20l,stage-entry,interlude/briefing (s10),mgs4.exe --stage s10a20l
s10a20l_1,gameplay,interlude/briefing (s10),mgs4.exe --stage s10a20l_1
s10a20l_D1,cutscene,interlude/briefing (s10),mgs4.exe --stage s10a20l_D1
s10a20l_D2,cutscene,interlude/briefing (s10),mgs4.exe --stage s10a20l_D2
s10a30l,stage-entry,interlude/briefing (s10),mgs4.exe --stage s10a30l
s10a30l_1,gameplay,interlude/briefing (s10),mgs4.exe --stage s10a30l_1
s10a30l_D1,cutscene,interlude/briefing (s10),mgs4.exe --stage s10a30l_D1
s10a30l_D2,cutscene,interlude/briefing (s10),mgs4.exe --stage s10a30l_D2
s10a40l,stage-entry,interlude/briefing (s10),mgs4.exe --stage s10a40l
s10a40l_1,gameplay,interlude/briefing (s10),mgs4.exe --stage s10a40l_1
s10a40l_2,gameplay,interlude/briefing (s10),mgs4.exe --stage s10a40l_2
s10a40l_D2,cutscene,interlude/briefing (s10),mgs4.exe --stage s10a40l_D2
s20a00l,stage-entry,interlude/briefing (s20),mgs4.exe --stage s20a00l
s20a00l_1,gameplay,interlude/briefing (s20),mgs4.exe --stage s20a00l_1
s20a00l_D1,cutscene,interlude/briefing (s20),mgs4.exe --stage s20a00l_D1
s20a00l_D2,cutscene,interlude/briefing (s20),mgs4.exe --stage s20a00l_D2
s20a00l_D3,cutscene,interlude/briefing (s20),mgs4.exe --stage s20a00l_D3
s20a10l,stage-entry,interlude/briefing (s20),mgs4.exe --stage s20a10l
s30a00l,stage-entry,interlude/briefing (s30),mgs4.exe --stage s30a00l
s30a00l_D2,cutscene,interlude/briefing (s30),mgs4.exe --stage s30a00l_D2
s30a00l_D3,cutscene,interlude/briefing (s30),mgs4.exe --stage s30a00l_D3
s30a00l_D4,cutscene,interlude/briefing (s30),mgs4.exe --stage s30a00l_D4
s30a10l,stage-entry,interlude/briefing (s30),mgs4.exe --stage s30a10l
s99a99l_0,gameplay,interlude/briefing (s99),mgs4.exe --stage s99a99l_0
