id,result,seconds,scene_offset,scene_at,video,state,draws,hud,kind_live,demo,demo_late,env,movie,boss,detail
s01a00l,boot,24,4.88,3.0,s01a00l.mkv,gameplay,1376,155,gameplay,,,s01a00l_00,,,"gameplay, 10s cap"
s01a00l_D,boot,267,5.28,3.0,s01a00l_D.mkv,gameplay,1457,155,cutscene,307,,s01a00l_00,,,handed over to gameplay after 244s of cutscene
s01a05l,boot,314,4.28,2.68,s01a05l.mkv,cutscene,634,9,cutscene,313,,,,,"cutscene, 300s cap"
s01a05l_D,boot,152,4.48,2.88,s01a05l_D.mkv,cutscene,1219,2,cutscene,313,,,,,game exited
s01a10l_1,boot,24,4.86,3.0,s01a10l_1.mkv,gameplay,881,208,gameplay,,,s01a10l_01+s01a10l_05,,,"gameplay, 10s cap"
s01a20l,boot,24,4.87,3.0,s01a20l.mkv,gameplay,602,229,gameplay,,,s01a20l_01+s01a20l_06,,,"gameplay, 10s cap"
s01a10l,boot,87,4.27,2.67,s01a10l.mkv,gameplay,426,281,cutscene,,315,s01a10l_01,d1060_mv.bk2,,handed over to gameplay after 62s of cutscene
s01a10l_D1,boot,17,-1.0,-1.0,,no-3d,16,0,duplicate,,,,d1060_mv.bk2,,duplicate of s01a10l (movie d1060_mv.bk2)
s01a10l_D2,boot,227,5.29,3.0,s01a10l_D2.mkv,gameplay,847,256,cutscene,316,,s01a10l_05,,,handed over to gameplay after 187s of cutscene
s01a20l_D,boot,314,5.26,3.0,s01a20l_D.mkv,gameplay,1735,43,cutscene,317,,,,,"cutscene, 300s cap"
s01a30l,boot,24,4.86,3.0,s01a30l.mkv,gameplay,434,291,gameplay,,,s01a30l_02,,,"gameplay, 10s cap"
s01a30l_1,boot,34,5.27,3.0,s01a30l_1.mkv,gameplay,434,291,codec,,,s01a30l_01+s01a30l_02,,,"codec, 20s cap"
s01a30l_2,boot,24,5.29,3.0,s01a30l_2.mkv,gameplay,940,274,gameplay,,,s01a30l_01+s01a30l_02,,,"gameplay, 10s cap"
s01a30l_D2,boot,109,5.27,3.0,s01a30l_D2.mkv,gameplay,955,288,cutscene,319,,s01a30l_02,,,handed over to gameplay after 87s of cutscene
s01a40l,boot,24,5.48,3.0,s01a40l.mkv,gameplay,1132,155,gameplay,,,s01a40l_02,,,"gameplay, 10s cap"
s01a40l_1,boot,24,5.27,3.0,s01a40l_1.mkv,gameplay,1211,215,gameplay,,,s01a40l_02,,,"gameplay, 10s cap"
s01a40l_2,boot,314,5.28,3.0,s01a40l_2.mkv,gameplay,462,179,cutscene,321,,s01a40l_01,,,"cutscene, 300s cap"
s01a40l_D2,boot,315,5.89,3.0,s01a40l_D2.mkv,cutscene,164,9,cutscene,320,,,,,"cutscene, 300s cap"
s01a40l_D3,boot,241,5.48,3.0,s01a40l_D3.mkv,gameplay,349,289,cutscene,324,,s01a40l_04,,,handed over to gameplay after 218s of cutscene
s01a50l,boot,24,5.06,3.0,s01a50l.mkv,gameplay,746,211,gameplay,,,s01a40l_04,,,"gameplay, 10s cap"
s01a55l,boot,314,4.46,2.86,s01a55l.mkv,cutscene,393,0,cutscene,325,,,,,"cutscene, 300s cap"
s01a55l_D,boot,17,-1.0,-1.0,,cutscene,906,2,duplicate,325,,,,,duplicate of s01a55l (demo 325)
s01a57l,boot,24,5.07,3.0,s01a57l.mkv,gameplay,1468,211,gameplay,,,s01a50l_01,,,"gameplay, 10s cap"
s01a60l,boot,314,4.68,3.0,s01a60l.mkv,cutscene,439,5,cutscene,326,327,s01a50l_07,,,"cutscene, 300s cap"
s01a60l_D1,boot,18,-1.0,-1.0,,cutscene,425,5,duplicate,326,,,,,duplicate of s01a60l (demo 326)
s01a60l_D2,boot,314,4.48,2.88,s01a60l_D2.mkv,cutscene,313,5,cutscene,327,,,,,"cutscene, 300s cap"
s02a10l_1,boot,24,5.27,3.0,s02a10l_1.mkv,gameplay,1507,211,gameplay,,,s02a10l_06+s02a10l_01,,,"gameplay, 10s cap"
s02a10l_2,boot,26,6.32,3.0,s02a10l_2.mkv,gameplay,968,215,gameplay,,,s02a10l_06,,,"gameplay, 10s cap"
s02a10l_3,boot,26,5.1,3.0,s02a10l_3.mkv,gameplay,965,215,gameplay,,,s02a10l_06,,,"gameplay, 10s cap"
s02a10l_D2,boot,33,4.46,2.86,s02a10l_D2.mkv,cutscene,391,0,codec,,,s02a10l_05,,,"codec, 20s cap"
s02a20l,boot,34,5.28,3.0,s02a20l.mkv,cutscene,299,0,codec,,,s02a20l_01,,,"codec, 20s cap"
s02a20l_1,boot,34,5.08,3.0,s02a20l_1.mkv,cutscene,299,0,codec,,,s02a20l_01,,,"codec, 20s cap"
s02a20l_10,boot,24,5.27,3.0,s02a20l_10.mkv,gameplay,775,219,gameplay,,,s02a20l_05,,,"gameplay, 10s cap"
s02a20l_11,boot,24,5.27,3.0,s02a20l_11.mkv,gameplay,774,219,gameplay,,,s02a20l_05,,,"gameplay, 10s cap"
s02a20l_2,boot,34,5.07,3.0,s02a20l_2.mkv,cutscene,299,0,codec,,,s02a20l_01,,,"codec, 20s cap"
s02a20l_3,boot,24,5.49,3.0,s02a20l_3.mkv,gameplay,1769,215,gameplay,,,s02a20l_01,,,"gameplay, 10s cap"
s02a20l_4,boot,24,5.28,3.0,s02a20l_4.mkv,gameplay,1386,215,gameplay,,,s02a20l_02+s02a20l_05,,,"gameplay, 10s cap"
s02a20l_5,boot,24,5.47,3.0,s02a20l_5.mkv,gameplay,1362,215,gameplay,,,s02a20l_02+s02a20l_05,,,"gameplay, 10s cap"
s02a20l_6,boot,24,5.28,3.0,s02a20l_6.mkv,gameplay,2210,219,gameplay,,,s02a20l_05,,,"gameplay, 10s cap"
s02a20l_7,boot,24,5.48,3.0,s02a20l_7.mkv,gameplay,2195,219,gameplay,,,s02a20l_05,,,"gameplay, 10s cap"
s02a20l_8,boot,24,5.29,3.0,s02a20l_8.mkv,gameplay,711,219,gameplay,,,s02a20l_05,,,"gameplay, 10s cap"
s02a20l_9,boot,24,5.28,3.0,s02a20l_9.mkv,gameplay,709,219,gameplay,,,s02a20l_05,,,"gameplay, 10s cap"
s02a25l,boot,314,4.88,3.0,s02a25l.mkv,gameplay,879,43,cutscene,330,,,,,"cutscene, 300s cap"
s02a25l_D1,boot,17,-1.0,-1.0,,gameplay,870,47,duplicate,330,,,,,duplicate of s02a25l (demo 330)
s02a25l_D2,boot,17,-1.0,-1.0,,gameplay,870,47,duplicate,330,,,,,duplicate of s02a25l (demo 330)
s02a25l_D3,boot,314,4.87,3.0,s02a25l_D3.mkv,cutscene,393,0,cutscene,431,331,,,,"cutscene, 300s cap"
s02a25l_D4,boot,313,4.68,3.0,s02a25l_D4.mkv,cutscene,393,0,cutscene,331,,,,,"cutscene, 300s cap"
s02a30l,boot,24,5.28,3.0,s02a30l.mkv,gameplay,1181,219,gameplay,,,s02a30l_01,,,"gameplay, 10s cap"
s02a30l_1,boot,25,5.69,3.0,s02a30l_1.mkv,cutscene,299,0,gameplay,,,s02a30l_01,,,"gameplay, 10s cap"
s02a30l_10,boot,24,5.48,3.0,s02a30l_10.mkv,gameplay,1848,215,gameplay,,,s02a30l_01+s02a30l_04,,,"gameplay, 10s cap"
s02a30l_11,boot,24,5.08,3.0,s02a30l_11.mkv,gameplay,1075,219,gameplay,,,s02a30l_01+s02a30l_08,,,"gameplay, 10s cap"
s02a30l_12,boot,24,4.87,3.0,s02a30l_12.mkv,gameplay,1074,219,gameplay,,,s02a30l_01+s02a30l_08,,,"gameplay, 10s cap"
s02a30l_2,boot,24,5.27,3.0,s02a30l_2.mkv,gameplay,770,219,gameplay,,,s02a30l_01,,,"gameplay, 10s cap"
s02a30l_3,boot,34,5.27,3.0,s02a30l_3.mkv,cutscene,299,0,codec,,,s02a30l_01,,,"codec, 20s cap"
s02a30l_4,boot,24,5.07,3.0,s02a30l_4.mkv,gameplay,1181,219,gameplay,,,s02a30l_01,,,"gameplay, 10s cap"
s02a30l_5,boot,34,5.27,3.0,s02a30l_5.mkv,cutscene,299,0,codec,,,s02a30l_01+s02a30l_06,,,"codec, 20s cap"
s02a30l_6,boot,24,5.29,3.0,s02a30l_6.mkv,gameplay,694,219,gameplay,,,s02a30l_01+s02a30l_06,,,"gameplay, 10s cap"
s02a30l_7,boot,24,5.28,3.0,s02a30l_7.mkv,gameplay,1752,219,gameplay,,,s02a30l_01+s02a30l_04,,,"gameplay, 10s cap"
s02a30l_8,boot,24,5.07,3.0,s02a30l_8.mkv,gameplay,1769,219,gameplay,,,s02a30l_01+s02a30l_04,,,"gameplay, 10s cap"
s02a30l_9,boot,24,5.28,3.0,s02a30l_9.mkv,gameplay,1845,215,gameplay,,,s02a30l_01+s02a30l_04,,,"gameplay, 10s cap"
s02a40l,boot,24,5.07,3.0,s02a40l.mkv,gameplay,773,219,gameplay,,,s02a40l_01,,,"gameplay, 10s cap"
s02a40l_1,boot,24,5.07,3.0,s02a40l_1.mkv,gameplay,770,219,gameplay,,,s02a40l_01,,,"gameplay, 10s cap"
s02a40l_2,boot,24,5.28,3.0,s02a40l_2.mkv,gameplay,1451,215,gameplay,,,s02a40l_01,,,"gameplay, 10s cap"
s02a40l_3,boot,24,5.28,3.0,s02a40l_3.mkv,gameplay,730,219,gameplay,,,s02a40l_01,,,"gameplay, 10s cap"
s02a50l,boot,315,6.08,3.0,s02a50l.mkv,cutscene,286,2,cutscene,332,,,,,"cutscene, 300s cap"
s02a50l_1,boot,315,5.68,3.0,s02a50l_1.mkv,gameplay,1571,246,cutscene,335,,s02a50l_02,,,"cutscene, 300s cap"
s02a50l_2,boot,315,6.08,3.0,s02a50l_2.mkv,gameplay,1143,197,cutscene,337,,,,octopus,"cutscene, 300s cap"
s02a50l_3,boot,320,5.69,3.0,s02a50l_3.mkv,gameplay,581,62,cutscene,339,,,,octopus,"cutscene, 300s cap"
s02a50l_4,boot,26,6.09,3.0,s02a50l_4.mkv,gameplay,1112,215,gameplay,,,s02a60l_01,,,"gameplay, 10s cap"
s02a50l_D1,boot,18,-1.0,-1.0,,cutscene,1106,5,duplicate,332,,,,,duplicate of s02a50l (demo 332)
s02a50l_D2,boot,209,4.27,2.67,s02a50l_D2.mkv,gameplay,1097,47,cutscene,432,333,,,,handed over to gameplay after 187s of cutscene
s02a50l_D3,boot,315,5.88,3.0,s02a50l_D3.mkv,gameplay,1235,57,cutscene,334,,,,,"cutscene, 300s cap"
s02a50l_D5,boot,82,6.29,3.0,s02a50l_D5.mkv,gameplay,830,175,gameplay,336,,,,octopus,gameplay behind a demo at boot (HUD still up at 12s)
s02a50l_D6,boot,207,5.48,3.0,s02a50l_D6.mkv,gameplay,661,177,gameplay,338,,,,octopus,gameplay behind a demo at boot (HUD still up at 12s)
s02a50l_D7,boot,315,5.88,3.0,s02a50l_D7.mkv,cutscene,309,0,cutscene,340,,s02a50l_03,,,"cutscene, 300s cap"
s02a50l_D8,boot,316,6.09,3.0,s02a50l_D8.mkv,cutscene,307,0,cutscene,341,,s02a50l_03,,,"cutscene, 300s cap"
s02a60l,boot,269,5.49,3.0,s02a60l.mkv,gameplay,4818,222,gameplay,342,,s02a60l_01,,,gameplay behind a demo at boot (HUD still up at 12s)
s02a60l_1,boot,19,-1.0,-1.0,,cutscene,2265,5,duplicate,342,,,,,duplicate of s02a60l (demo 342)
s02a60l_2,boot,24,4.87,3.0,s02a60l_2.mkv,gameplay,3108,212,gameplay,,,s02a60l_01,,,"gameplay, 10s cap"
s02a60l_3,boot,24,4.67,3.0,s02a60l_3.mkv,gameplay,1240,212,gameplay,,,s02a60l_10,,,"gameplay, 10s cap"
s02a70l,boot,313,4.07,2.47,s02a70l.mkv,gameplay,557,43,cutscene,343,,,,,"cutscene, 300s cap"
s02a70l_D,boot,16,-1.0,-1.0,,gameplay,289,43,duplicate,343,,,,,duplicate of s02a70l (demo 343)
s02a73l,boot,24,5.09,3.0,s02a73l.mkv,gameplay,2011,237,gameplay,,,s02a60l_01,,,"gameplay, 10s cap"
s02a75l,boot,28,5.28,3.0,s02a75l.mkv,gameplay,1952,237,gameplay,,,s02a60l_02,,,"gameplay, 10s cap"
s02a78l,boot,43,5.07,3.0,s02a78l.mkv,gameplay,1040,223,cutscene,,,s02a60l_01,,,handed over to gameplay after 20s of cutscene
s02a80l,boot,26,4.87,3.0,s02a80l.mkv,gameplay,707,237,gameplay,,,s02a80l_01+s02a60l_02,,,"gameplay, 10s cap"
s02a85l,boot,300,4.27,2.67,s02a85l.mkv,gameplay,2282,473,gameplay,344,,,,,gameplay behind a demo at boot (HUD still up at 12s)
s02a85l_D,boot,17,-1.0,-1.0,,cutscene,705,2,duplicate,344,,,,,duplicate of s02a85l (demo 344)
s02a90l,boot,24,5.08,3.0,s02a90l.mkv,gameplay,2696,215,gameplay,,,s02a90l_01,,,"gameplay, 10s cap"
s02a95l,boot,314,4.27,2.67,s02a95l.mkv,cutscene,796,2,cutscene,345,,,,,"cutscene, 300s cap"
s02a95l_D,boot,17,-1.0,-1.0,,cutscene,613,2,duplicate,345,,,,,duplicate of s02a95l (demo 345)
s03a00l,boot,27,6.73,3.0,s03a00l.mkv,gameplay,1306,177,gameplay,,,,,,"gameplay, 10s cap"
s03a00l_D1,boot,26,5.07,3.0,s03a00l_D1.mkv,gameplay,1111,43,gameplay,347,,,,,gameplay behind a demo at boot (HUD still up at 12s)
s03a10l,boot,32,10.27,3.0,s03a10l.mkv,gameplay,1582,189,gameplay,,,s03a10l_10,,,"gameplay, 10s cap"
s03a10l_1,boot,31,9.43,3.0,s03a10l_1.mkv,gameplay,1576,203,gameplay,,,s03a10l_10,,,"gameplay, 10s cap"
s03a10l_2,boot,28,7.57,3.0,s03a10l_2.mkv,gameplay,1014,120,gameplay,,,s03a10l_10+s03a10l_01,,,"gameplay, 10s cap"
s03a10l_3,boot,32,10.04,3.0,s03a10l_3.mkv,gameplay,1014,120,gameplay,,,s03a10l_10+s03a10l_01,,,"gameplay, 10s cap"
s03a10l_4,boot,31,9.25,3.0,s03a10l_4.mkv,gameplay,1521,124,gameplay,,,s03a10l_01,,,"gameplay, 10s cap"
s03a10l_5,boot,29,7.53,3.0,s03a10l_5.mkv,gameplay,1014,120,gameplay,,,s03a10l_10+s03a10l_01,,,"gameplay, 10s cap"
s03a10l_6,boot,24,5.28,3.0,s03a10l_6.mkv,gameplay,1014,120,gameplay,,,s03a10l_10+s03a10l_01,,,"gameplay, 10s cap"
s03a15l,boot,24,5.08,3.0,s03a15l.mkv,gameplay,2334,205,gameplay,,,s03a10l_02+s03a10l_03,,,"gameplay, 10s cap"
s03a15l_1,boot,24,5.08,3.0,s03a15l_1.mkv,gameplay,2235,124,gameplay,,,s03a10l_02+s03a10l_03,,,"gameplay, 10s cap"
s03a15l_2,boot,24,5.28,3.0,s03a15l_2.mkv,gameplay,1251,142,gameplay,,,s03a10l_01+s03a10l_11,,,"gameplay, 10s cap"
s03a15l_3,boot,24,5.48,3.0,s03a15l_3.mkv,gameplay,2235,124,gameplay,,,s03a10l_02+s03a10l_03,,,"gameplay, 10s cap"
s03a16l,boot,23,4.27,2.67,s03a16l.mkv,gameplay,1828,201,gameplay,,,s03a10l_03,,,"gameplay, 10s cap"
s03a16l_1,boot,24,5.08,3.0,s03a16l_1.mkv,gameplay,1372,120,gameplay,,,s03a10l_06+s03a10l_04+s03a10l_05,,,"gameplay, 10s cap"
s03a16l_2,boot,24,5.28,3.0,s03a16l_2.mkv,gameplay,1386,120,gameplay,,,s03a10l_06+s03a10l_04+s03a10l_05,,,"gameplay, 10s cap"
s03a20l,boot,24,5.28,3.0,s03a20l.mkv,gameplay,1204,208,gameplay,,,s03a10l_03,,,"gameplay, 10s cap"
s03a20l_1,boot,24,5.28,3.0,s03a20l_1.mkv,gameplay,1109,131,gameplay,,,s03a10l_03,,,"gameplay, 10s cap"
s03a20l_2,boot,24,5.48,3.0,s03a20l_2.mkv,gameplay,2439,137,gameplay,,,s03a10l_03,,,"gameplay, 10s cap"
s03a20l_3,boot,24,5.08,3.0,s03a20l_3.mkv,gameplay,1108,130,gameplay,,,s03a10l_03,,,"gameplay, 10s cap"
s03a25l,boot,24,5.08,3.0,s03a25l.mkv,gameplay,1181,124,gameplay,,,s03a10l_07,,,"gameplay, 10s cap"
s03a25l_1,boot,24,5.48,3.0,s03a25l_1.mkv,gameplay,1181,124,gameplay,,,s03a10l_07,,,"gameplay, 10s cap"
s03a25l_2,boot,24,5.27,3.0,s03a25l_2.mkv,gameplay,1181,124,gameplay,,,s03a10l_07,,,"gameplay, 10s cap"
s03a30l,boot,313,4.07,2.47,s03a30l.mkv,cutscene,595,2,cutscene,348,349,,,,"cutscene, 300s cap"
s03a30l_D1,boot,22,-1.0,-1.0,,cutscene,340,4,duplicate,348,,,,,duplicate of s03a30l (demo 348)
s03a30l_D2,boot,318,5.31,3.0,s03a30l_D2.mkv,cutscene,777,2,cutscene,349,433+350,,,,"cutscene, 300s cap"
s03a30l_D3,boot,314,4.27,2.67,s03a30l_D3.mkv,cutscene,32,0,cutscene,433,350+434,,,,"cutscene, 300s cap"
s03a30l_D4,boot,313,4.27,2.67,s03a30l_D4.mkv,no-3d,18,0,cutscene,350,434,,,,"cutscene, 300s cap"
s03a30l_D5,boot,313,4.27,2.67,s03a30l_D5.mkv,no-3d,18,0,cutscene,434,,,,,"cutscene, 300s cap"
s03a30l_D6,boot,314,4.47,2.87,s03a30l_D6.mkv,cutscene,52,0,cutscene,351,435,,,,"cutscene, 300s cap"
s03a30l_D7,boot,315,6.08,3.0,s03a30l_D7.mkv,cutscene,436,4,cutscene,435,352,,,,"cutscene, 300s cap"
s03a30l_D8,boot,314,4.87,3.0,s03a30l_D8.mkv,cutscene,384,4,cutscene,352,,,,,"cutscene, 300s cap"
s03a35l,boot,25,5.88,3.0,s03a35l.mkv,cutscene,2112,2,gameplay,,,s03a35l_01,,,"gameplay, 10s cap"
s03a40l,boot,25,5.68,3.0,s03a40l.mkv,gameplay,2965,298,gameplay,,,s03a35l_01,,,"gameplay, 10s cap"
s03a50l,boot,313,4.46,2.86,s03a50l.mkv,cutscene,393,0,cutscene,353,,,,,"cutscene, 300s cap"
s03a50l_D,boot,17,-1.0,-1.0,,cutscene,2438,2,duplicate,353,,,,,duplicate of s03a50l (demo 353)
s03a60l,boot,31,6.29,3.0,s03a60l.mkv,gameplay,1834,204,gameplay,,,s03a10l_01,,,"gameplay, 10s cap"
s03a65l,boot,314,5.27,3.0,s03a65l.mkv,cutscene,1166,2,cutscene,354,355,,,,"cutscene, 300s cap"
s03a70l,boot,137,5.67,3.0,s03a70l.mkv,gameplay,1720,260,gameplay,355,,s03a70l_01,,raven,gameplay behind a demo at boot (HUD still up at 12s)
s03a70l_1,boot,26,5.88,3.0,s03a70l_1.mkv,gameplay,1876,246,gameplay,356,,s03a70l_01,,raven,gameplay behind a demo at boot (HUD still up at 12s)
s03a70l_2,boot,26,5.89,3.0,s03a70l_2.mkv,gameplay,1734,202,gameplay,358,,,,raven,gameplay behind a demo at boot (HUD still up at 12s)
s03a70l_D1,boot,18,-1.0,-1.0,,cutscene,272,3,duplicate,355,,,,,duplicate of s03a70l (demo 355)
s03a70l_D2,boot,18,-1.0,-1.0,,cutscene,363,3,duplicate,355,,,,,duplicate of s03a70l (demo 355)
s03a70l_D4,boot,315,5.88,3.0,s03a70l_D4.mkv,cutscene,84,0,cutscene,359,,s03a70l_03,,,"cutscene, 300s cap"
s03a70l_D5,boot,315,6.1,3.0,s03a70l_D5.mkv,cutscene,82,0,cutscene,360,,s03a70l_03,,,"cutscene, 300s cap"
s03a80l,boot,314,5.08,3.0,s03a80l.mkv,cutscene,115,9,cutscene,361,,,,,"cutscene, 300s cap"
s03a90l,boot,313,4.27,2.67,s03a90l.mkv,cutscene,465,0,cutscene,362,436,,,,"cutscene, 300s cap"
s03a90l_D1,boot,17,-1.0,-1.0,,cutscene,899,2,duplicate,362,,,,,duplicate of s03a90l (demo 362)
s03a90l_D2,boot,314,4.67,3.0,s03a90l_D2.mkv,no-3d,14,0,cutscene,436,363+364,,d3272_pdm.bk2,,"cutscene, 300s cap"
s03a90l_D3,boot,315,5.69,3.0,s03a90l_D3.mkv,no-3d,14,0,cutscene,363,364,,d3272_pdm.bk2,,"cutscene, 300s cap"
s03a90l_D4,boot,314,4.46,2.86,s03a90l_D4.mkv,no-3d,14,0,video,364,,,d3272_pdm.bk2,,"cutscene, 300s cap"
s03a90l_D5,boot,314,4.27,2.67,s03a90l_D5.mkv,no-3d,14,0,video,365,,,d3274_pdm.bk2,,"cutscene, 300s cap"
s04a10l,boot,322,10.13,3.0,s04a10l.mkv,cutscene,20,0,cutscene,366,,,,,"cutscene, 300s cap"
s04a10l_01,crash,11,-1.0,-1.0,s04a10l_01.mkv,no-3d,16,0,,,,,,,new minidump
s04a10l_02,crash,11,-1.0,-1.0,s04a10l_02.mkv,no-3d,16,0,,,,,,,new minidump
s04a10l_03,crash,11,-1.0,-1.0,s04a10l_03.mkv,no-3d,16,0,,,,,,,new minidump
s04a10l_04,crash,11,-1.0,-1.0,s04a10l_04.mkv,no-3d,16,0,,,,,,,new minidump
s04a10l_05,crash,11,-1.0,-1.0,s04a10l_05.mkv,no-3d,16,0,,,,,,,new minidump
s04a10l_1,boot,26,5.28,3.0,s04a10l_1.mkv,gameplay,1495,215,gameplay,368,,s04a10l_01,,,gameplay behind a demo at boot (HUD still up at 12s)
s04a10l_10,boot,24,5.27,3.0,s04a10l_10.mkv,gameplay,2304,211,gameplay,,,s04a10l_05+s04a10l_03,,,"gameplay, 10s cap"
s04a10l_11,boot,24,5.27,3.0,s04a10l_11.mkv,gameplay,1287,211,gameplay,,,s04a10l_03+s04a10l_05,,,"gameplay, 10s cap"
s04a10l_12,boot,24,5.08,3.0,s04a10l_12.mkv,gameplay,821,219,gameplay,,,s04a10l_05,,,"gameplay, 10s cap"
s04a10l_2,boot,24,5.08,3.0,s04a10l_2.mkv,gameplay,1309,215,gameplay,,,s04a10l_01,,,"gameplay, 10s cap"
s04a10l_3,boot,24,5.09,3.0,s04a10l_3.mkv,gameplay,1470,215,gameplay,,,s04a10l_01,,,"gameplay, 10s cap"
s04a10l_4,boot,24,5.08,3.0,s04a10l_4.mkv,gameplay,1001,211,gameplay,,,s04a10l_01,,,"gameplay, 10s cap"
s04a10l_5,boot,25,6.09,3.0,s04a10l_5.mkv,gameplay,1327,211,gameplay,,,s04a10l_01,,,"gameplay, 10s cap"
s04a10l_6,boot,24,5.28,3.0,s04a10l_6.mkv,gameplay,1333,215,gameplay,,,s04a10l_01,,,"gameplay, 10s cap"
s04a10l_7,boot,24,5.28,3.0,s04a10l_7.mkv,gameplay,1306,215,gameplay,,,s04a10l_01,,,"gameplay, 10s cap"
s04a10l_8,boot,24,5.08,3.0,s04a10l_8.mkv,gameplay,1847,211,gameplay,,,s04a10l_01,,,"gameplay, 10s cap"
s04a10l_9,boot,24,5.28,3.0,s04a10l_9.mkv,gameplay,1908,211,gameplay,,,s04a10l_01,,,"gameplay, 10s cap"
s04a10l_D1,boot,17,-1.0,-1.0,,cutscene,570,2,duplicate,366,,,,,duplicate of s04a10l (demo 366)
s04a20l,boot,24,5.48,3.0,s04a20l.mkv,gameplay,685,211,gameplay,,,s04a20l_01,,,"gameplay, 10s cap"
s04a20l_01,crash,11,-1.0,-1.0,s04a20l_01.mkv,no-3d,16,0,,,,,,,new minidump
s04a20l_02,crash,11,-1.0,-1.0,s04a20l_02.mkv,no-3d,16,0,,,,,,,new minidump
s04a20l_03,crash,11,-1.0,-1.0,s04a20l_03.mkv,no-3d,16,0,,,,,,,new minidump
s04a20l_04,crash,11,-1.0,-1.0,s04a20l_04.mkv,no-3d,16,0,,,,,,,new minidump
s04a20l_05,crash,11,-1.0,-1.0,s04a20l_05.mkv,no-3d,16,0,,,,,,,new minidump
s04a20l_06,crash,11,-1.0,-1.0,s04a20l_06.mkv,no-3d,16,0,,,,,,,new minidump
s04a20l_07,crash,11,-1.0,-1.0,s04a20l_07.mkv,no-3d,16,0,,,,,,,new minidump
s04a20l_1,boot,24,5.49,3.0,s04a20l_1.mkv,gameplay,685,211,gameplay,,,s04a20l_01,,,"gameplay, 10s cap"
s04a20l_2,boot,24,5.5,3.0,s04a20l_2.mkv,gameplay,992,207,gameplay,,,s04a20l_04,,,"gameplay, 10s cap"
s04a20l_3,boot,24,5.48,3.0,s04a20l_3.mkv,gameplay,1460,207,gameplay,,,s04a20l_05,,,"gameplay, 10s cap"
s04a20l_4,boot,24,5.68,3.0,s04a20l_4.mkv,gameplay,1460,207,gameplay,,,s04a20l_05,,,"gameplay, 10s cap"
s04a20l_5,boot,24,5.28,3.0,s04a20l_5.mkv,gameplay,1274,207,gameplay,,,s04a20l_01,,,"gameplay, 10s cap"
s04a20l_6,boot,24,5.48,3.0,s04a20l_6.mkv,gameplay,1744,213,gameplay,,,s04a20l_01,,,"gameplay, 10s cap"
s04a20l_7,boot,24,5.49,3.0,s04a20l_7.mkv,gameplay,1289,207,gameplay,,,s04a20l_01,,,"gameplay, 10s cap"
s04a20l_D,boot,315,5.69,3.0,s04a20l_D.mkv,cutscene,909,2,cutscene,369,,s04a20l_06,,,"cutscene, 300s cap"
s04a30l,boot,24,5.69,3.0,s04a30l.mkv,gameplay,1109,205,gameplay,,,s04a30l_01+s04a30l_04,,,"gameplay, 10s cap"
s04a30l_01,crash,11,-1.0,-1.0,s04a30l_01.mkv,no-3d,16,0,,,,,,,new minidump
s04a30l_02,crash,11,-1.0,-1.0,s04a30l_02.mkv,no-3d,16,0,,,,,,,new minidump
s04a30l_03,crash,11,-1.0,-1.0,s04a30l_03.mkv,no-3d,16,0,,,,,,,new minidump
s04a30l_04,crash,11,-1.0,-1.0,s04a30l_04.mkv,no-3d,16,0,,,,,,,new minidump
s04a30l_05,crash,11,-1.0,-1.0,s04a30l_05.mkv,no-3d,16,0,,,,,,,new minidump
s04a30l_08,crash,11,-1.0,-1.0,s04a30l_08.mkv,no-3d,16,0,,,,,,,new minidump
s04a30l_1,boot,24,5.28,3.0,s04a30l_1.mkv,gameplay,1113,212,gameplay,,,s04a30l_01+s04a30l_04,,,"gameplay, 10s cap"
s04a30l_2,boot,26,5.49,3.0,s04a30l_2.mkv,gameplay,2206,240,gameplay,374,,s04a30l_01,,wolf,gameplay behind a demo at boot (HUD still up at 12s)
s04a30l_3,boot,26,5.08,3.0,s04a30l_3.mkv,gameplay,1910,195,gameplay,376,,,,wolf,gameplay behind a demo at boot (HUD still up at 12s)
s04a30l_D1,boot,314,5.29,3.0,s04a30l_D1.mkv,gameplay,2646,264,cutscene,373,,s04a30l_01+s04a30l_05,,wolf,"cutscene, 300s cap"
s04a30l_D2,boot,315,5.49,3.0,s04a30l_D2.mkv,gameplay,1966,209,cutscene,375,,,,wolf,"cutscene, 300s cap"
s04a30l_D4,boot,315,5.68,3.0,s04a30l_D4.mkv,cutscene,83,0,cutscene,377,,s04a30l_08,,,"cutscene, 300s cap"
s04a30l_D5,boot,315,5.69,3.0,s04a30l_D5.mkv,cutscene,83,0,cutscene,378,,s04a30l_08,,,"cutscene, 300s cap"
s04a30l_D6,boot,104,6.09,3.0,s04a30l_D6.mkv,gameplay,757,213,cutscene,379,,s04a30l_01,,,handed over to gameplay after 80s of cutscene
s04a30l_D7,boot,115,5.89,3.0,s04a30l_D7.mkv,cutscene,82,0,cutscene,,,,,,game exited
s04a40l,crash,9,-1.0,-1.0,s04a40l.mkv,,-1,-1,,,,,,,new minidump
s04a40l_01,crash,12,-1.0,-1.0,s04a40l_01.mkv,no-3d,16,0,,,,,,,new minidump
s04a40l_02,crash,11,-1.0,-1.0,s04a40l_02.mkv,no-3d,16,0,,,,,,,new minidump
s03a70l_D3,boot,191,5.89,3.0,s03a70l_D3.mkv,gameplay,1215,177,cutscene,357,,,,raven,handed over to gameplay after 167s of cutscene
s04a40l_03,crash,11,-1.0,-1.0,s04a40l_03.mkv,no-3d,16,0,,,,,,,new minidump
s04a40l_04,crash,11,-1.0,-1.0,s04a40l_04.mkv,no-3d,16,0,,,,,,,new minidump
s04a40l_05,crash,11,-1.0,-1.0,s04a40l_05.mkv,no-3d,16,0,,,,,,,new minidump
s04a40l_1,crash,11,-1.0,-1.0,s04a40l_1.mkv,no-3d,16,0,,,,,,,new minidump
s04a50l,boot,23,4.67,3.0,s04a50l.mkv,gameplay,1145,215,gameplay,,,s04a50l_02,,,"gameplay, 10s cap"
s04a50l_01,crash,11,-1.0,-1.0,s04a50l_01.mkv,no-3d,16,0,,,,,,,new minidump
s04a50l_02,crash,11,-1.0,-1.0,s04a50l_02.mkv,no-3d,16,0,,,,,,,new minidump
s02a10l,boot,204,5.69,3.0,s02a10l.mkv,gameplay,1312,295,cutscene,328,,,,,handed over to gameplay after 163s of cutscene
s02a10l_D1,boot,32,-1.0,-1.0,,gameplay,335,136,duplicate,328,,,,,duplicate of s02a10l (demo 328)
s04a50l_D,boot,209,5.09,3.0,s04a50l_D.mkv,gameplay,670,201,cutscene,381,382,s04a60l_01,,vamp,handed over to gameplay after 185s of cutscene
s04a60l_01,crash,11,-1.0,-1.0,s04a60l_01.mkv,no-3d,16,0,,,,,,,new minidump
s04a60l_D1,boot,129,5.29,3.0,s04a60l_D1.mkv,gameplay,698,215,cutscene,382,,s04a60l_01,,vamp,handed over to gameplay after 106s of cutscene
s04a60l_D2,boot,229,5.09,3.0,s04a60l_D2.mkv,gameplay,1769,240,cutscene,384,385,s04a60l_01,,vamp,handed over to gameplay after 206s of cutscene
s04a60l_D3,boot,315,5.28,3.0,s04a60l_D3.mkv,cutscene,609,5,cutscene,386,,,,,"cutscene, 300s cap"
s04a65l,boot,24,5.28,3.0,s04a65l.mkv,gameplay,986,37,gameplay,,,s04a65l_01,,rex_vs_gekko,"gameplay, 10s cap"
s04a65l_01,crash,11,-1.0,-1.0,s04a65l_01.mkv,no-3d,16,0,,,,,,,new minidump
s04a65l_02,crash,11,-1.0,-1.0,s04a65l_02.mkv,no-3d,16,0,,,,,,,new minidump
s04a65l_1,crash,11,-1.0,-1.0,s04a65l_1.mkv,no-3d,16,0,,,,,,,new minidump
s04a68l,boot,122,4.88,3.0,s04a68l.mkv,gameplay,1065,65,cutscene,387,,s04a70l_01,,rex_vs_ray,handed over to gameplay after 93s of cutscene
s04a68l_D,boot,17,-1.0,-1.0,,cutscene,1997,2,duplicate,387,,,,,duplicate of s04a68l (demo 387)
s04a70l,boot,24,5.7,3.0,s04a70l.mkv,gameplay,1635,52,gameplay,,,s04a70l_01,,rex_vs_ray,"gameplay, 10s cap"
s04a70l_01,crash,11,-1.0,-1.0,s04a70l_01.mkv,no-3d,16,0,,,,,,,new minidump
s04a70l_02,crash,11,-1.0,-1.0,s04a70l_02.mkv,no-3d,16,0,,,,,,,new minidump
s04a70l_1,crash,11,-1.0,-1.0,s04a70l_1.mkv,no-3d,16,0,,,,,,,new minidump
s04a75l,boot,280,4.88,3.0,s04a75l.mkv,gameplay,1375,62,cutscene,388,389,,,,handed over to gameplay after 255s of cutscene
s04a75l_D1,boot,17,-1.0,-1.0,,cutscene,290,2,duplicate,388,,,,,duplicate of s04a75l (demo 388)
s04a75l_D2,boot,175,5.09,3.0,s04a75l_D2.mkv,gameplay,747,62,cutscene,389,,,,,handed over to gameplay after 149s of cutscene
s04a75l_D3,boot,314,4.89,3.0,s04a75l_D3.mkv,cutscene,460,0,cutscene,390,,,,,"cutscene, 300s cap"
s05a10l,boot,34,5.07,3.0,s05a10l.mkv,gameplay,1731,225,gameplay,395,,s05a10l_01,,,"gameplay behind a demo at boot, 20s cap"
s05a10l_00,crash,12,-1.0,-1.0,s05a10l_00.mkv,no-3d,16,0,,,,,,,new minidump
s05a10l_01,crash,11,-1.0,-1.0,s05a10l_01.mkv,no-3d,16,0,,,,,,,new minidump
s05a10l_02,crash,11,-1.0,-1.0,s05a10l_02.mkv,no-3d,16,0,,,,,,,new minidump
s05a10l_03,crash,11,-1.0,-1.0,s05a10l_03.mkv,no-3d,16,0,,,,,,,new minidump
s05a10l_04,crash,11,-1.0,-1.0,s05a10l_04.mkv,no-3d,16,0,,,,,,,new minidump
s05a10l_1,crash,12,-1.0,-1.0,s05a10l_1.mkv,no-3d,16,0,,,,,,,new minidump
s05a10l_D,boot,130,9.11,3.0,s05a10l_D.mkv,gameplay,486,261,cutscene,394,,s05a10l_01,,,handed over to gameplay after 98s of cutscene
s05a20l,boot,31,8.03,3.0,s05a20l.mkv,gameplay,329,138,gameplay,,,s05a20l_02+s05a20l_01,,,"gameplay, 10s cap"
s05a20l_01,crash,13,-1.0,-1.0,s05a20l_01.mkv,no-3d,16,0,,,,,,,new minidump
s05a20l_02,crash,11,-1.0,-1.0,s05a20l_02.mkv,no-3d,16,0,,,,,,,new minidump
s05a20l_03,crash,11,-1.0,-1.0,s05a20l_03.mkv,no-3d,16,0,,,,,,,new minidump
s05a20l_1,boot,24,5.49,3.0,s05a20l_1.mkv,gameplay,1517,210,gameplay,,,s05a20l_02+s05a20l_01,,,"gameplay, 10s cap"
s05a20l_11,boot,23,4.69,3.0,s05a20l_11.mkv,gameplay,2088,210,gameplay,,,s05a30l_01,,,"gameplay, 10s cap"
s05a20l_12,boot,23,4.88,3.0,s05a20l_12.mkv,gameplay,2250,210,gameplay,,,s05a30l_01,,,"gameplay, 10s cap"
s05a20l_2,boot,34,5.27,3.0,s05a20l_2.mkv,gameplay,1040,210,gameplay,397,,s05a20l_02,,haven,"gameplay behind a demo at boot, 20s cap"
s05a20l_5,boot,34,5.28,3.0,s05a20l_5.mkv,gameplay,1420,291,gameplay,401,,s05a20l_02,,mantis,"gameplay behind a demo at boot, 20s cap"
s05a20l_6,boot,34,5.49,3.0,s05a20l_6.mkv,gameplay,673,208,gameplay,403,,,,mantis,"gameplay behind a demo at boot, 20s cap"
s05a20l_7,crash,9,-1.0,-1.0,s05a20l_7.mkv,,-1,-1,,,,,,,new minidump
s04a05l,no-scene,38,-1.0,-1.0,s04a05l.mkv,no-3d,16,0,mgs1,,,,,,no 3D frame in 38s
s04a10l_D2,boot,314,5.28,3.0,s04a10l_D2.mkv,gameplay,1424,148,cutscene,367,,s04a10l_01,,,"cutscene, 300s cap"
s04a60l,boot,59,5.08,3.0,s04a60l.mkv,gameplay,601,240,gameplay,383,,s04a60l_01,,vamp,"gameplay behind a demo at boot, 45s cap"
s04a60l_1,boot,17,-1.0,-1.0,,gameplay,634,261,duplicate,383,,s04a60l_01,,vamp,duplicate of s04a60l (demo 383)
s04a60l_2,boot,58,4.67,3.0,s04a60l_2.mkv,cutscene,2099,5,gameplay,385,,s04a60l_01,,vamp,"gameplay behind a demo at boot, 45s cap"
s05a20l_D1,boot,81,5.27,3.0,s05a20l_D1.mkv,gameplay,822,224,cutscene,396,,s05a20l_02,,haven,handed over to gameplay after 57s of cutscene
s05a20l_D10,boot,318,8.61,3.0,s05a20l_D10.mkv,cutscene,309,0,cutscene,406,,s05a20l_03,,,"cutscene, 300s cap"
s05a20l_D11,boot,167,5.49,3.0,s05a20l_D11.mkv,gameplay,2085,210,cutscene,408,,s05a30l_01,,,handed over to gameplay after 143s of cutscene
s05a20l_D12,boot,316,5.48,3.0,s05a20l_D12.mkv,cutscene,892,2,cutscene,409,,,,,"cutscene, 300s cap"
s05a20l_D2,boot,210,4.67,3.0,s05a20l_D2.mkv,gameplay,1305,302,cutscene,398,,s05a20l_02,,mantis,handed over to gameplay after 187s of cutscene
s05a20l_D3,boot,16,-1.0,-1.0,,cutscene,816,6,duplicate,398,,,,,duplicate of s05a20l_D2 (demo 398)
s05a20l_D4,boot,16,-1.0,-1.0,,cutscene,816,6,duplicate,398,,,,,duplicate of s05a20l_D2 (demo 398)
s05a20l_D5,boot,268,4.86,3.0,s05a20l_D5.mkv,gameplay,823,180,cutscene,402,,,,mantis,handed over to gameplay after 245s of cutscene
s05a20l_D8,boot,314,5.07,3.0,s05a20l_D8.mkv,cutscene,309,0,cutscene,404,406,s05a20l_03,,,"cutscene, 300s cap"
s05a20l_D9,boot,314,5.27,3.0,s05a20l_D9.mkv,cutscene,309,0,cutscene,405,406,s05a20l_03,,,"cutscene, 300s cap"
s05a30l,boot,313,4.67,3.0,s05a30l.mkv,gameplay,234,45,cutscene,410,,,,,"cutscene, 300s cap"
s05a30l_01,crash,10,-1.0,-1.0,s05a30l_01.mkv,no-3d,16,0,,,,,,,new minidump
s05a30l_1,crash,10,-1.0,-1.0,s05a30l_1.mkv,no-3d,16,0,,,,,,,new minidump
s05a40l,boot,312,3.26,1.66,s05a40l.mkv,no-3d,14,0,video,412,,,d5130_pdm.bk2,,"cutscene, 300s cap"
s05a40l_01,crash,11,-1.0,-1.0,s05a40l_01.mkv,no-3d,16,0,,,,,,,new minidump
s05a40l_D,boot,15,-1.0,-1.0,,no-3d,16,0,duplicate,412,,,d5130_pdm.bk2,,duplicate of s05a40l (demo 412)
s05a45l,boot,97,4.06,2.46,s05a45l.mkv,gameplay,514,88,cutscene,437,414,,,,handed over to gameplay after 76s of cutscene
s05a45l_D,boot,178,4.26,2.66,s05a45l_D.mkv,gameplay,514,88,cutscene,413,437+414,,,,handed over to gameplay after 157s of cutscene
s05a50l,boot,316,4.27,2.67,s05a50l.mkv,gameplay,975,105,cutscene,415,,s05a50l_01,,liquid,"cutscene, 300s cap"
s05a50l_01,crash,11,-1.0,-1.0,s05a50l_01.mkv,no-3d,16,0,,,,,,,new minidump
s05a50l_1,crash,11,-1.0,-1.0,s05a50l_1.mkv,no-3d,16,0,,,,,,,new minidump
s05a50l_D,boot,314,4.47,2.87,s05a50l_D.mkv,gameplay,565,88,cutscene,414,,,,,"cutscene, 300s cap"
s05a55l,boot,312,3.67,2.07,s05a55l.mkv,cutscene,121,7,cutscene,416,,,,,"cutscene, 300s cap"
s05a55l_D,boot,15,-1.0,-1.0,,cutscene,587,0,duplicate,416,,,,,duplicate of s05a55l (demo 416)
s00a00l,boot,313,4.26,2.66,s00a00l.mkv,no-3d,9,0,cutscene,314,,,,,"cutscene, 300s cap"
s00a00l_0,crash,11,-1.0,-1.0,s00a00l_0.mkv,no-3d,16,0,,,,,,,new minidump
s00a00l_D,boot,16,-1.0,-1.0,,cutscene,269,5,duplicate,314,,,,,duplicate of s00a00l (demo 314)
s00a10l,boot,313,4.27,2.67,s00a10l.mkv,no-3d,5,0,cutscene,301,,,,,"cutscene, 300s cap"
s00a10l_D,boot,16,-1.0,-1.0,,cutscene,854,2,duplicate,301,,,,,duplicate of s00a10l (demo 301)
s00a10l_D2,boot,314,4.47,2.87,s00a10l_D2.mkv,cutscene,29,0,cutscene,302,438,,,,"cutscene, 300s cap"
s00a10l_D3,boot,317,5.56,3.0,s00a10l_D3.mkv,cutscene,52,0,cutscene,438,303+439,,,,"cutscene, 300s cap"
s00a10l_D4,boot,314,4.46,2.86,s00a10l_D4.mkv,cutscene,414,2,cutscene,303,439+304,,,,"cutscene, 300s cap"
s00a10l_D5,boot,318,6.2,3.0,s00a10l_D5.mkv,cutscene,426,5,cutscene,439,304,,,,"cutscene, 300s cap"
s00a10l_D6,boot,313,4.26,2.66,s00a10l_D6.mkv,cutscene,492,5,cutscene,304,,,,,"cutscene, 300s cap"
s00a10l_D7,boot,312,3.66,2.06,s00a10l_D7.mkv,no-3d,14,0,video,,,,d6070_mv.bk2,,"cutscene, 300s cap"
s00a10l_D8,no-scene,38,-1.0,-1.0,s00a10l_D8.mkv,no-3d,18,0,,306,,,,,no 3D frame in 38s
s00a10l_D9,boot,85,3.66,2.06,s00a10l_D9.mkv,cutscene,139,0,cutscene,,,,d6080_mv.bk2,,the game's window closed
s10a10l,boot,316,-1.0,-1.0,,cutscene,544,5,cutscene,300,,,L1_CM_Mantis.bk2,,"cutscene, 300s cap"
s10a10l_1,crash,11,-1.0,-1.0,s10a10l_1.mkv,no-3d,16,0,,,,,,,new minidump
s10a20l,boot,154,3.66,2.06,s10a20l.mkv,gameplay,1839,31,cutscene,,418+419,tpd_02+tpd_04+tpd_03,d2010_mv.bk2,,handed over to gameplay after 134s of cutscene
s10a20l_1,crash,11,-1.0,-1.0,s10a20l_1.mkv,no-3d,16,0,,,,,,,new minidump
s10a20l_D1,boot,30,-1.0,-1.0,,cutscene,292,0,duplicate,,,,d2010_mv.bk2,,duplicate of s10a20l (movie d2010_mv.bk2)
s10a20l_D2,boot,223,4.67,3.0,s10a20l_D2.mkv,gameplay,1567,31,cutscene,419,,tpd_02+tpd_04,,,handed over to gameplay after 49s of cutscene
s10a30l,boot,280,3.45,1.85,s10a30l.mkv,gameplay,577,46,cutscene,,420+421,tpd_02,d3010_mv.bk2,,handed over to gameplay after 259s of cutscene
s10a30l_1,crash,11,-1.0,-1.0,s10a30l_1.mkv,no-3d,16,0,,,,,,,new minidump
s10a30l_D1,boot,30,-1.0,-1.0,,cutscene,292,0,duplicate,,,,d3010_mv.bk2,,duplicate of s10a30l (movie d3010_mv.bk2)
s10a30l_D2,boot,234,4.48,2.88,s10a30l_D2.mkv,gameplay,584,45,cutscene,420,421,tpd_02,,,handed over to gameplay after 213s of cutscene
s10a40l,boot,208,3.66,2.06,s10a40l.mkv,gameplay,1239,31,cutscene,,423+424,tpd_12,d4010_mv.bk2+d4030_pdm.bk2,,handed over to gameplay after 187s of cutscene
s10a40l_1,crash,11,-1.0,-1.0,s10a40l_1.mkv,no-3d,16,0,,,,,,,new minidump
s10a40l_2,crash,11,-1.0,-1.0,s10a40l_2.mkv,no-3d,16,0,,,,,,,new minidump
s10a40l_D,boot,159,4.27,2.67,s10a40l_D.mkv,gameplay,1243,31,cutscene,423,424,tpd_12,d4030_pdm.bk2,,handed over to gameplay after 137s of cutscene
s10a40l_D2,boot,208,4.06,2.46,s10a40l_D2.mkv,gameplay,1243,31,cutscene,,423+424,tpd_12,d4010_mv.bk2+d4030_pdm.bk2,,handed over to gameplay after 187s of cutscene
s20a00l,boot,312,3.24,1.64,s20a00l.mkv,cutscene,838,2,cutscene,391,,,,,"cutscene, 300s cap"
s20a00l_1,crash,11,-1.0,-1.0,s20a00l_1.mkv,no-3d,16,0,,,,,,,new minidump
s20a00l_D1,boot,30,-1.0,-1.0,,gameplay,321,239,duplicate,391,,,,,duplicate of s20a00l (demo 391)
s20a00l_D2,boot,313,4.06,2.46,s20a00l_D2.mkv,cutscene,187,11,cutscene,392,,,,,"cutscene, 300s cap"
s20a00l_D3,boot,313,3.86,2.26,s20a00l_D3.mkv,cutscene,665,0,cutscene,393,,,,,"cutscene, 300s cap"
s20a10l,boot,29,-1.0,-1.0,,gameplay,524,136,duplicate,393,,,,,duplicate of s20a00l_D3 (demo 393)
s30a00l,boot,313,4.27,2.67,s30a00l.mkv,cutscene,517,0,cutscene,426,,,,,"cutscene, 300s cap"
s30a00l_D,boot,31,-1.0,-1.0,,no-3d,0,0,duplicate,426,,,,,duplicate of s30a00l (demo 426)
s30a00l_D2,boot,312,4.07,2.47,s30a00l_D2.mkv,cutscene,720,2,cutscene,428,,,,,"cutscene, 300s cap"
s30a00l_D3,boot,314,4.87,3.0,s30a00l_D3.mkv,cutscene,980,2,cutscene,427,,,,,"cutscene, 300s cap"
s30a00l_D4,boot,313,4.27,2.67,s30a00l_D4.mkv,cutscene,43,0,cutscene,302,438,,d6017_mv.bk2,,"cutscene, 300s cap"
s30a10l,boot,15,-1.0,-1.0,,cutscene,476,2,duplicate,428,,,,,duplicate of s30a00l_D2 (demo 428)
s99a99l_0,crash,11,-1.0,-1.0,s99a99l_0.mkv,no-3d,16,0,,,,,,,new minidump
@main,boot,19,0.0,0.0,@main.mkv,,-1,-1,start,,,,,,"menu entry, recorded 15s"
@collection,boot,49,0.0,0.0,@collection.mkv,,-1,-1,start,,,,,,"menu entry, recorded 45s"
